"world, my child,"
"Oh, I am so frightened! [_Leans against the wall, left."
"lessons badly. When I stood before the hotel, the German House,--just think, the German House, where the great officials and"
away with wire
"hand because—because of our love. I know it."" Her sure"
"of pain in the voice, a great wistfulness in the eyes. Once again she was confronted with the tragedy of"
kept by some
"a very dark, tall gentleman, who looked Spanish, walked into"
"chose to inform Lady Vale-Avon, if she had been ignorant of it, that I was a notorious character. ""Will you"
ordered to occupy
of that kingdom -- ---- The Battle of Waterloo took
"had alienated the affections of his subjects, both civil and military, and he fled to France. Colonel BUCHAN'S regiment was"
urlò: “Sono roccie
"board. From the hour he joined the ship, All went"
"evening for their tea Her family broiled and ate her; ‘Never mind!’ says the king to me, ‘Just go and"
Considered._' MARCH 19th
"worker in Mr. Gradgrind's factory, the little clerk in Mr."
"world is quite simple and solid, just as the madman is quite sure he is sane. The Materialist is sure"
navigation in the
building to which they make water come in pipes from
sugar. These islands have their kings. The inhabitants trade with the mainland with their provisions and fruits; they have small
They seem to
"fur is like silk. But look, mamma'! There is the"
"race? Yes, but my pony can run faster than yours. If I use my whip, I can keep up with"
Honour would demean
"immense tracts of land in this country, and draw from"
"stool being removed, the hearth swept, and the fire replenished from the bog, Murtoch threw himself on his back along"
but at this
was employed in serving the naval interests of the country
"another moment we may be in eternity; but let us do our duty."" The Alliance lay off out of gunshot"
"and dusty-millers, and"
"Kate herself spoke what she could of the burial service,"
"her with his eyes for so monstrous an injustice. He never tired of carrying her about in his powerful arms,"
myself. ... I
my early tutors had waged such implacable war. Is it
contrary she accepted them as real and formidable personalities--demons who had assumed divinity to lure their worshippers to destruction. It
dispassionately. You have
"his wife, his statement made to friends that he was"
"herself as the sister of Mr. Newton Edwards. ""Is Mr. Edwards residing with you?"" inquired the detective. ""Not now,"" answered"
"you, That are"
"shew it not, I would so crucifie him With an"
"makes his Center. I have obtain'd _Evanthe_, I have married her, Can any fortune keep me from injoying her? _Enter_"
found the land
"are about 6000, are the principal basis of the local"
"are for the use of the soldiers; also 60 hayin or dromedaries, one only of which is assigned to them."
Canada; (b) the
"""investor of a Party"" in Chapter Eleven, only investors who"
"establishment, acquisition, expansion, conduct or operation of an investment of an investor of another Party for the transfer of technology,"
silently sail away
"continuous uproar of a reeking crowd—hawkers of fruit, of fish,"
"of ox-goads, the bristling of curved horns, the shifting mass of sleek, fawn-coloured backs; the narrow, ramshackle streets of the"
duties of the
"chimed in: “Count me in for that expedition, Charley; I’m"
"of dismay fell upon him. A host of questions were being showered upon the scout, but he raised his hand,"
eBook or online
winds at the top of the dune level it off
holder found at the beginning of this work. 1.E.4. Do not unlink or detach or remove the full Project Gutenberg-tm
maniac. If they
"and William Kinderey. The women were Ellen Galvin, Mary Stating,"
"sealer, who had taken up is abode on the island with his harem, three Tasmanian gins and seven children. They"
fit the line
and operation of modern feeding and folding machines; with hints
the matter to which it pertains. XXII Do not divide an amount stated in figures. XXIII Do not divide proper
expect me till
POM. He is! WOFF. (_with significance_). Why don't you tell
"We write to her, James, and receive her replies. BUR. Aye! but we don't read 'em, it seems. COL. We"
here. They do
"he said to himself, searching for a simile in tint),"
"which Shenandoah cleft their way in twain. Traversing Ashby's Gap, the efflorescence of the woods, the music of many waters,"
when history first
"mother country, when it ought to have been shared among"
"everywhere. The colonists were disappointed and embittered that the West should be treated as a part of Canada, by the"
CENTRAL POSITION OF
to our aid we find that a prison population divides
"life after discharge. A DISTRIBUTING PRISON The new Sing Sing, therefore, has been planned as a Classification and Distributing Prison,"
Emperor himself outweighed
"only be brought forward as points for negotiation, and will"
"&c., and having got an equivalent in Kars, you ought to relax your demand for Bessarabia.' To this Palmerston replies"
were obliged to
"leisurely, satisfied with being carried down by the current. Williams"
"shall quote freely, is to be found in _The Lost Trappers_, a work long out of print.[11] As the country"
no means but
first attempt at stock jobbing. And it is especially necessary
"made all their own laws, rules, and regulations, without let or hindrance of any kind. And so ingeniously were they"
and making a
"of knights, or men-at-arms, and do other military service to"
"the town is the above Cross. It is of a pentagonal form, and of beautiful pointed architecture: it is stated"
to the relieving
where blows aimed at the victims had evidently been dodged
"of beautiful carrots, which the men were pulling up and eating raw. I remember as if it were only yesterday"
on a watered
more essential parts of the structure are equally undurable. But
"middle of the road, it is generally used for drying manure that has been kneaded with a modicum of earth."
of philosophical maxims
"the ""Entr'acte"" is thrust into your hand, containing a minute"
and of society. At the Opera Comique you find one kind of musical creation; at the Italiens the lyrical drama
_The Malacoma and
"new reform of the cell-theory. Huxley, however, who was in"
"capsule and extracapsulum is undoubtedly the most important character of the Radiolarian organism, the development of a skeleton of peculiar"
away. He thought
"voice, a light in her eye which seemed to Mrs."
"a low, pleading tone; and in a moment Mrs. Portico saw that the tears were in her eyes. “You ‘re"
of all earthly
"I finished school at thirteen, and Larion began to think"
"roaring with laughter, squinting his eyes and conversing tenderly with them. I envied him for this--of me, the birds were"
negotiate for the
"suspicion. ""Ees!"" and again the Jap grinned. Phelan read the"
"upon the little brown man in an even more caustic tone: ""If yez're are Mr. Gladwin's valley, what are ye"
"of life, imparts"
is in close attendance upon pleasure. Who could have thought
"in a valley not far from Cuscowilla, the capital of the Seminoles. These Indians, together with the Muscogulges, form the"
“ Pitt. Corporal
LESSON FOR LIFE.” LORD GREYSTOKE Lieutenant DEWAR THE HON. MARMADUKE
"had a strong desire, which he expressed in a circular issued in 1864, to raise a third Company in the"
natural styles of
"not in the gardens, of the wealthy, when, a little"
"is not far to seek. On the one hand, a fashion becomes too general for those who have a taste"
required some one
"queen in the pride of her demeanor, disdained to speak"
I have seated myself in yours; so that we must have acquired a totally different view of things. Which of
"of books, with"
"were received with absolute incredulity. 'Captured, examined, and let go!"
"this device, nor do we find it at all general among such artists, till the very close of the fifteenth"
mortars are intended
"of supply in sufficiently large quantities, to the ease with"
"highways, the function of common carriers, thus putting themselves on a par with the railway companies, who, as no doubt"
the figurehead of
and only when the château bore the aspects of a
"who sang: _""Ah! ça ira, ça ira, ça ira,_ _Les aristocrates à la lanterne!_ _Ah! ça ira, ça ira, ça"
Seeing that the
great deal of the Demon's conversation had been directed against
"the barn,"" replied Jim, and to change the conversation he asked Mr. Leopold for some more pudding, and the Demon's"
now enrich the
"muscular, rather shorter than the Egyptians, having little beard or"
"Seetzen's description, Dscherrasch would appear to be identical with the ancient Gerasa, a town which up to that time had"
rivers. A wife
"poured forth threatening words, 555 Retain them not in mind;"
me they owe their Orpheus Whose singing melted rocks and drew the trees; Castor and Pollux are my twofold gift;
that in an
"that the work was publicly burned at Venice, a special"
"one hand one man, Luther, was detaching from the Church of Rome a large number of minds, another man, Loyola,"
Jean--what I could
"her--somehow it was frightening her now, for there was a"
"hurt--yes, very badly hurt, it would seem--how had it happened?--how had they come, Marie-Louise and Gaston, to be upon the"
"perhaps, just of"
"""God has hidden His face from me,"" she whispered, ""I"
"they ease the mind, point a way to safety for the future, and afford a solace in time of trouble."
and which arrived
"more fortunate than their colleague, and return to give in"
"money may be invested to more advantage in things than in persons; but their education has been undertaken, and however"
fanning himself delicately
"of my father's countenance, the consciousness that all had deserted"
"He sprang to his feet again, and in an impassioned harangue called upon the Assembly to remember the Fronde. ""As"
"about the circumstances,"
"exclaimed, ‘Oh, how could he do it? Had he no"
"childhood, imperfect in outline, running into such wildernesses of ignorance on either side; but yet so very certain, never forgotten,"
"times, when whole"
"The ghost, whether by her enchantments or through divine interposition"
"chemically prepared with one or other of the four elements, and for one month exposed to the beams of the"
Miss Sophy. “It’s
drink whey and live in a high latitude—what did she
"of his long legs and reading the _New York Herald_. He paid a daily visit to the American banker’s, on"
but there is
the sofa pillow. He came up directly to see what
"reduced to seven. Gallant Green was yet in front, riding hard, but his horse was much distressed; and as the"
feeling about the
"especially when taken in conjunction with the small, frequent, and"
satisfactorily for all the phenomena observable in connection with that subject by showing them to result from the operation of
so largely in
soda and potash that standardization of the process was possible.
"had been no attempt at sterilization. The olive was preserved by partial drying, by the action of salt, and by"
government were dominated
group by obligations and free from moral obligations to others.
American hope that he should be the land-owner of the days to come. In East Tennessee the farmer is still
"lay about him,"
no vocation for the Church. Neither his family nor the
"heart, firm and uncorrupted judgment, with a vigorous and healthy soul; the wide world only was the limit of his"
man. He thinks
"answer anybody's letters, after--after----"" ""After Richard died. Oh, I can"
"with pleasant people, while pretending to do my duty. Now I've got leave on account of a mild fever which"
the stocks. He
"indeed,"" said Ashley. ""To-night we make a new departure. What"
"Stoneman was a character. Tall and spare, with such an outline as Abraham Lincoln had. He was fifty years of"
artificial methods were
devoid of information which would be found in the most
"built with the materials of a temple of Zeus, which previously stood in the same place, the summit of the"
great scene unveil'd.
"the bounteous earth, 460 In fruit and seed prolific: thus"
"the headstrong impulse of desire, And sanctifies his choice. The generous glebe Whose bosom smiles with verdure, the clear tract"
had been lying
"to the sea-shore in the wagon, and then they will"
"It cheered the hunter on; and so, in due time, they both arrived safely at the village. The doctor concluded,"
humanity; war is
"same garden, waves of one sea. In the animal kingdom"
"and enlightenment through love and accord, and are disintegrated by war and strife. Finally, this is true of humanity itself"
cannot be justly
"in Himself. He is a Person, not a Thing. He"
"it have lately been given to the public, not only false, but dangerous to freedom, and there is a strong"
and thus at
centuries of struggle were not a struggle against an entirely
number of famous jurists like Ulpian of Tyre and Papinian of Hemesa natives of Syria? And did not the law-school
might impede the
us upon theological ground; you require us to distinguish between
of a consummate speaker. But it was an address which could not have any effect unless the House had undergone
the delta two
the lines which will enclose them almost to the end
"princesses, recognize the success with which the royal studios perpetuated in stone the effigies of their contemporaries. The profile of"
the hollow of
they smiled cheerfully in the promise of the bright day
"the process. ""Yes,"" murmured he, turning away from the hoary wanderer; ""it is no delusion. There is an Unpardonable Sin!"""
him if its
side of her nephew. Somehow the news of his return
"scarcely more than a child in her quick appreciation of affection, and, like a child, she could scarcely have understood"
kingdom from him.
"more delicate and complicated, the same reform reaches them more"
small one: it is distinctly a limitation; and to every loving mother it is a limitation so important that she
| 0 ||
1 || 2 | 1 | 1 | 1 |
1 | 1 | 1 | 0 | sh[)i]-v[)a]l´r[)i]k | || 0 | 1 | 0 | 0 || 1
was going to
no use--” He laid the letters on the desk. “It
"as you’ve ever noticed it?” “I have noticed it,” said Eldridge. “Quiet and happy--” said the man, “and not talking--and"
a small size;
"fertility of exhausted soils, which may have been under a"
"deprive it of those very organs, by the action of which, the expenditure would be again recompensed to the vital"
"her fust, and"
"not,"" she answered. ""I sent for you because this is"
"and answered, in a hushed, low voice, much like a chidden child's: ""_I did._"" A silence fell between them so"
that the new
New York wife took a 200-pound husband by the ear
just wrap it around a stone and throw it through his window. Both branches of the movement seem to have
floors and stairs.
thought he had left them; he was made certain that
seem fated to find you by yourself; you were alone last time. I'm in hospital and have to be back
publication of the
"teaching of modern languages to undergraduates, and should receive the"
"work, was amplified and continued as an 'elective' until 1886. Mr. Whitney still continued to teach in the Scientific School"
"frugality, and general"
"Law League, wrote as follows:--""In the only remaining item of"
"we are certain to pay for it, if we do not retrace our steps. It is always useful to know"
"villas, Notting hill"
"Notting hill 67 Ladbroke villas, Notting hill 67 Lakenham villas,"
"Leinster gardens, Bayswater 71 Leinster square, Bayswater 71 Leinster street, Bayswater 71 Leinster terrace, Hyde park 71 Leonard place, Kensington"
caller would go
"wherever he went, and groaned. He recalled the professor's biting"
"there was some reason for his not going in after that boy. Maybe he got rattled; you can't tell."" ""Oh,"
and scolded it
"her traveling expenses, to found and keep going a soup"
"out of the house, Sara Lee was amazingly calm. If she had moments of weakness, when the call from overseas"
the day's wear
rather a good height with a carved cornice and plaster
"my foot down, and now he's satisfied with the continental breakfast. That goes to show he has something in him,"
"skip out, see?"""
second or two given up to watching for him to
"we'll back you up in anything you've a mind to try; and here's my hand on it, too."" The feeling"
board in a
"materials, the excessive labor and care necessary to employ in"
the supports. The lids are held in this position by suitably arranged buttons. By this means the ironing board is
make sure of
"to awe at the giant height of mossy pines, or"
"himself out, and ran along the road for about half-a-mile, waving his hat and calling to the fugitives to come"
"mother, has been"
"Amana 450 Woolen-mill, saw and grist mill, and farming East"
"who receive every thing alike, as all property is held in common. All accounts are balanced once a year, and"
I have to
"college. Each son in turn had, with her assistance, tried"
a vast number of circumstances about his two children; each circumstance was so trivial in itself that by itself it
cook the dinner
"frog says, ""Cuddle my back, my dearest sweet one,"" orders"
"that I've throttled, if ye'd come this way afore."" So John cut the third notch; and finding that folly was"
between himself and
"scolding, I suppose,"" he said, with a short, dry laugh."
"is true of the majority of women. It was especially true of Grace Winans. That little, rosy, lace-robed slumberer, small"
there is nothing
leak out. I received a note one day asking my
"the cab. Carrington passed on as Jack stood just a moment chatting with his old friend and school-fellow. ""I came"
the coast with
"His Visuddhi-magga has not yet been edited in Europe, but"
"however little doubt of the authenticity of his commentaries on the four great Nikâyas, on the Abhidhamma and on the"
intimacy is worth
"S’pose I borrer a barrer. Well, it’s good enough and"
is taken that the certificate attesting its due performance is not uncommonly displayed on the wall of the living-room as
she belongs to.
quite a mother to you since your own dear mother
"comes home again?’ I told him that was a question I could not answer, but possibly you might have the"
up a collateral
"of the levee, and for the rest of the night"
"hard work. I'm in exceedingly good training--a trifle underfed, perhaps, but at any rate I carry not one ounce of"
locomotive was not
"self-induction, the storing of energy and opposition to current flow"
"permit an extraordinary crowding of lines on account of slight resistance to their passage through it. We need not, in"
"execution, however, endangered"
"England, went to Berwick and made a convention with the"
"France, the implacable enemy of England. Therefore “England both may and ought to aid Scotland to keep out the French.”[20]"
drift of time;
"of her companionships--""they seemed to make a perfect world of"
"she looked down the slope of the mountain, and saw, far away, on the long, white road, a moving mass"
a slight miscalculation
"the whole making a terrible ram that, if brought suddenly"
"that there was a slight swaying movement that was dreadfully suggestive. ""We can't clear this old death trap any too"
